File,Class
new_1_1.mat,0.897486329079
new_1_2.mat,0.950471222401
new_1_3.mat,0.315085023642
new_1_4.mat,0.519926011562
new_1_5.mat,0.620171964169
new_1_6.mat,0.872415304184
new_1_7.mat,0.536025166512
new_1_8.mat,0.494065880775
new_1_9.mat,0.843290686607
new_1_10.mat,0.289560556412
new_1_11.mat,0.662967324257
new_1_12.mat,0.863479554653
new_1_13.mat,0.536025166512
new_1_14.mat,0.449761778116
new_1_15.mat,0.870193600655
new_1_16.mat,0.876758515835
new_1_17.mat,0.546312212944
new_1_18.mat,0.536025166512
new_1_19.mat,0.9083750844
new_1_20.mat,0.536025166512
new_1_21.mat,0.452817082405
new_1_22.mat,0.421011865139
new_1_23.mat,0.958288371563
new_1_24.mat,0.914242565632
new_1_25.mat,0.499853432178
new_1_26.mat,0.628234744072
new_1_27.mat,0.92072981596
new_1_28.mat,0.640050172806
new_1_29.mat,0.836750030518
new_1_30.mat,0.948089957237
new_1_31.mat,0.640653192997
new_1_32.mat,0.650919616222
new_1_33.mat,0.407012432814
new_1_34.mat,0.536025166512
new_1_35.mat,0.633006870747
new_1_36.mat,0.97534263134
new_1_37.mat,0.868082344532
new_1_38.mat,0.777681946754
new_1_39.mat,0.742000520229
new_1_40.mat,0.362251281738
new_1_41.mat,0.623758673668
new_1_42.mat,0.615003943443
new_1_43.mat,0.61479985714
new_1_44.mat,0.691783726215
new_1_45.mat,0.383614689112
new_1_46.mat,0.719404935837
new_1_47.mat,0.837735652924
new_1_48.mat,0.740996420383
new_1_49.mat,0.910052776337
new_1_50.mat,0.696000576019
new_1_51.mat,0.522785663605
new_1_52.mat,0.95488846302
new_1_53.mat,0.282820254564
new_1_54.mat,0.392701715231
new_1_55.mat,0.885839521885
new_1_56.mat,0.938178241253
new_1_57.mat,0.373143851757
new_1_58.mat,0.48630207777
new_1_59.mat,0.524374008179
new_1_60.mat,0.454753726721
new_1_61.mat,0.536742985249
new_1_62.mat,0.753853499889
new_1_63.mat,0.572156786919
new_1_64.mat,0.865048587322
new_1_65.mat,0.764512956142
new_1_66.mat,0.875151216984
new_1_67.mat,0.634680151939
new_1_68.mat,0.930311560631
new_1_69.mat,0.458078026772
new_1_70.mat,0.709858357906
new_1_71.mat,0.528954744339
new_1_72.mat,0.536025166512
new_1_73.mat,0.894394099712
new_1_74.mat,0.852752029896
new_1_75.mat,0.526157319546
new_1_76.mat,0.891243100166
new_1_77.mat,0.64989989996
new_1_78.mat,0.672897398472
new_1_79.mat,0.549046576023
new_1_80.mat,0.622955322266
new_1_81.mat,0.257146000862
new_1_82.mat,0.375860005617
new_1_83.mat,0.8303809762
new_1_84.mat,0.724982380867
new_1_85.mat,0.613788843155
new_1_86.mat,0.854832231998
new_1_87.mat,0.434007257223
new_1_88.mat,0.32374972105
new_1_89.mat,0.588223576546
new_1_90.mat,0.293289422989
new_1_91.mat,0.925497949123
new_1_92.mat,0.621299684048
new_1_93.mat,0.881639242172
new_1_94.mat,0.695294499397
new_1_95.mat,0.698213577271
new_1_96.mat,0.572063744068
new_1_97.mat,0.577954053879
new_1_98.mat,0.536025166512
new_1_99.mat,0.317586928606
new_1_100.mat,0.745494365692
new_1_101.mat,0.871323347092
new_1_102.mat,0.666575431824
new_1_103.mat,0.583641171455
new_1_104.mat,0.884860992432
new_1_105.mat,0.295290917158
new_1_106.mat,0.488778948784
new_1_107.mat,0.796696484089
new_1_108.mat,0.246240898967
new_1_109.mat,0.729006886482
new_1_110.mat,0.499829918146
new_1_111.mat,0.962189853191
new_1_112.mat,0.319668799639
new_1_113.mat,0.883317649364
new_1_114.mat,0.494943857193
new_1_115.mat,0.522452294827
new_1_116.mat,0.840682387352
new_1_117.mat,0.587047100067
new_1_118.mat,0.579258799553
new_1_119.mat,0.841973423958
new_1_120.mat,0.905834496021
new_1_121.mat,0.800178468227
new_1_122.mat,0.671436131001
new_1_123.mat,0.900706827641
new_1_124.mat,0.814888000488
new_1_125.mat,0.945148944855
new_1_126.mat,0.538293004036
new_1_127.mat,0.892242670059
new_1_128.mat,0.660082399845
new_1_129.mat,0.919164299965
new_1_130.mat,0.430495411158
new_1_131.mat,0.806869387627
new_1_132.mat,0.93467861414
new_1_133.mat,0.854034602642
new_1_134.mat,0.862153708935
new_1_135.mat,0.661611676216
new_1_136.mat,0.791530668736
new_1_137.mat,0.578180253506
new_1_138.mat,0.477889657021
new_1_139.mat,0.637598216534
new_1_140.mat,0.631303191185
new_1_141.mat,0.322044700384
new_1_142.mat,0.888996064663
new_1_143.mat,0.470420479774
new_1_144.mat,0.681645452976
new_1_145.mat,0.810691356659
new_1_146.mat,0.608156681061
new_1_147.mat,0.536025166512
new_1_148.mat,0.874520421028
new_1_149.mat,0.296955525875
new_1_150.mat,0.269381046295
new_1_151.mat,0.491961121559
new_1_152.mat,0.727398872375
new_1_153.mat,0.524067997932
new_1_154.mat,0.911470234394
new_1_155.mat,0.67753136158
new_1_156.mat,0.573698580265
new_1_157.mat,0.53011238575
new_1_158.mat,0.612879574299
new_1_159.mat,0.9109826684
new_1_160.mat,0.506606996059
new_1_161.mat,0.662190914154
new_1_162.mat,0.707513570786
new_1_163.mat,0.858856201172
new_1_164.mat,0.702855110168
new_1_165.mat,0.524880051613
new_1_166.mat,0.91203057766
new_1_167.mat,0.536025166512
new_1_168.mat,0.57593536377
new_1_169.mat,0.529560863972
new_1_170.mat,0.591484248638
new_1_171.mat,0.35949793458
new_1_172.mat,0.591410756111
new_1_173.mat,0.856988668442
new_1_174.mat,0.718060433865
new_1_175.mat,0.701962411404
new_1_176.mat,0.538804352283
new_1_177.mat,0.536025166512
new_1_178.mat,0.923615634441
new_1_179.mat,0.28550478816
new_1_180.mat,0.89744836092
new_1_181.mat,0.874040782452
new_1_182.mat,0.729712605476
new_1_183.mat,0.518789947033
new_1_184.mat,0.616239368916
new_1_185.mat,0.885289371014
new_1_186.mat,0.780535161495
new_1_187.mat,0.638745307922
new_1_188.mat,0.564002990723
new_1_189.mat,0.384235650301
new_1_190.mat,0.751290619373
new_1_191.mat,0.229006275535
new_1_192.mat,0.542720079422
new_1_193.mat,0.890228807926
new_1_194.mat,0.930953204632
new_1_195.mat,0.896459460258
new_1_196.mat,0.736599266529
new_1_197.mat,0.21408316493
new_1_198.mat,0.349875032902
new_1_199.mat,0.603441357613
new_1_200.mat,0.603360772133
new_1_201.mat,0.905140042305
new_1_202.mat,0.568169891834
new_1_203.mat,0.694300055504
new_1_204.mat,0.638233959675
new_1_205.mat,0.543906986713
new_1_206.mat,0.825309574604
new_1_207.mat,0.491231381893
new_1_208.mat,0.406936019659
new_1_209.mat,0.536025166512
new_1_210.mat,0.648637294769
new_1_211.mat,0.487865954638
new_1_212.mat,0.422933965921
new_1_213.mat,0.947395801544
new_1_214.mat,0.592752635479
new_1_215.mat,0.862650454044
new_1_216.mat,0.360235333443
new_2_1.mat,0.225291699171
new_2_2.mat,0.545882344246
new_2_3.mat,0.490881919861
new_2_4.mat,0.563271462917
new_2_5.mat,0.567794084549
new_2_6.mat,0.581638097763
new_2_7.mat,0.559403479099
new_2_8.mat,0.573785126209
new_2_9.mat,0.477546989918
new_2_10.mat,0.598103404045
new_2_11.mat,0.109732113779
new_2_12.mat,0.573223054409
new_2_13.mat,0.374663442373
new_2_14.mat,0.569729089737
new_2_15.mat,0.581074297428
new_2_16.mat,0.306206852198
new_2_17.mat,0.285886257887
new_2_18.mat,0.535372078419
new_2_19.mat,0.555536806583
new_2_20.mat,0.573285579681
new_2_21.mat,0.574577867985
new_2_22.mat,0.534274935722
new_2_23.mat,0.465946316719
new_2_24.mat,0.264971524477
new_2_25.mat,0.531488537788
new_2_26.mat,0.485616803169
new_2_27.mat,0.59489017725
new_2_28.mat,0.571908533573
new_2_29.mat,0.581936299801
new_2_30.mat,0.591831684113
new_2_31.mat,0.244849234819
new_2_32.mat,0.580779016018
new_2_33.mat,0.0215303841978
new_2_34.mat,0.576895296574
new_2_35.mat,0.584022581577
new_2_36.mat,0.57748657465
new_2_37.mat,0.555877864361
new_2_38.mat,0.57609128952
new_2_39.mat,0.288935720921
new_2_40.mat,0.302185416222
new_2_41.mat,0.566281318665
new_2_42.mat,0.259954214096
new_2_43.mat,0.579775750637
new_2_44.mat,0.572200894356
new_2_45.mat,0.288476139307
new_2_46.mat,0.575590789318
new_2_47.mat,0.581774890423
new_2_48.mat,0.565177857876
new_2_49.mat,0.267366051674
new_2_50.mat,0.57347536087
new_2_51.mat,0.261836081743
new_2_52.mat,0.572706878185
new_2_53.mat,0.567050814629
new_2_54.mat,0.573965966702
new_2_55.mat,0.573888242245
new_2_56.mat,0.565731406212
new_2_57.mat,0.277303934097
new_2_58.mat,0.217079311609
new_2_59.mat,0.248434945941
new_2_60.mat,0.552384972572
new_2_61.mat,0.561992585659
new_2_62.mat,0.220349252224
new_2_63.mat,0.272287577391
new_2_64.mat,0.542502224445
new_2_65.mat,0.527291834354
new_2_66.mat,0.452551484108
new_2_67.mat,0.21354496479
new_2_68.mat,0.254360377789
new_2_69.mat,0.234315663576
new_2_70.mat,0.578653335571
new_2_71.mat,0.574696958065
new_2_72.mat,0.52503412962
new_2_73.mat,0.257219672203
new_2_74.mat,0.553469061852
new_2_75.mat,0.585978388786
new_2_76.mat,0.570611655712
new_2_77.mat,0.571666955948
new_2_78.mat,0.568407177925
new_2_79.mat,0.610296308994
new_2_80.mat,0.579992711544
new_2_81.mat,0.543748795986
new_2_82.mat,0.560995280743
new_2_83.mat,0.566181480885
new_2_84.mat,0.200627431273
new_2_85.mat,0.317293465137
new_2_86.mat,0.540502071381
new_2_87.mat,0.564895570278
new_2_88.mat,0.569969773293
new_2_89.mat,0.575781285763
new_2_90.mat,0.574623584747
new_2_91.mat,0.160802766681
new_2_92.mat,0.59278678894
new_2_93.mat,0.56260818243
new_2_94.mat,0.485616803169
new_2_95.mat,0.134394362569
new_2_96.mat,0.323320358992
new_2_97.mat,0.579208135605
new_2_98.mat,0.314048171043
new_2_99.mat,0.572982311249
new_2_100.mat,0.564949214458
new_2_101.mat,0.25329041481
new_2_102.mat,0.573850393295
new_2_103.mat,0.54279178381
new_2_104.mat,0.265193223953
new_2_105.mat,0.247691422701
new_2_106.mat,0.54828608036
new_2_107.mat,0.54282772541
new_2_108.mat,0.569612979889
new_2_109.mat,0.235345602036
new_2_110.mat,0.583826839924
new_2_111.mat,0.57646292448
new_2_112.mat,0.575077354908
new_2_113.mat,0.576752483845
new_2_114.mat,0.592000484467
new_2_115.mat,0.547526538372
new_2_116.mat,0.573519825935
new_2_117.mat,0.562134981155
new_2_118.mat,0.580039381981
new_2_119.mat,0.243326157331
new_2_120.mat,0.29916459322
new_2_121.mat,0.2647113204
new_2_122.mat,0.266764014959
new_2_123.mat,0.252598673105
new_2_124.mat,0.565180301666
new_2_125.mat,0.130833312869
new_2_126.mat,0.569370865822
new_2_127.mat,0.558011174202
new_2_128.mat,0.579425811768
new_2_129.mat,0.571315586567
new_2_130.mat,0.252513587475
new_2_131.mat,0.56832587719
new_2_132.mat,0.137062430382
new_2_133.mat,0.571200728416
new_2_134.mat,0.507903635502
new_2_135.mat,0.573243498802
new_2_136.mat,0.563612222672
new_2_137.mat,0.573353767395
new_2_138.mat,0.529609203339
new_2_139.mat,0.3313370049
new_2_140.mat,0.485616803169
new_2_141.mat,0.528269827366
new_2_142.mat,0.19020371139
new_2_143.mat,0.565773785114
new_2_144.mat,0.576420426369
new_2_145.mat,0.598223805428
new_2_146.mat,0.546739459038
new_2_147.mat,0.278574675322
new_2_148.mat,0.485616803169
new_2_149.mat,0.301982343197
new_2_150.mat,0.573548972607
new_2_151.mat,0.57116818428
new_2_152.mat,0.578406989574
new_2_153.mat,0.265671133995
new_2_154.mat,0.588163614273
new_2_155.mat,0.579715490341
new_2_156.mat,0.279260665178
new_2_157.mat,0.52603495121
new_2_158.mat,0.596610188484
new_2_159.mat,0.237745836377
new_2_160.mat,0.294922113419
new_2_161.mat,0.572788834572
new_2_162.mat,0.574673652649
new_2_163.mat,0.548511505127
new_2_164.mat,0.583409070969
new_2_165.mat,0.568192601204
new_2_166.mat,0.547435045242
new_2_167.mat,0.577206015587
new_2_168.mat,0.57201820612
new_2_169.mat,0.540597617626
new_2_170.mat,0.568419039249
new_2_171.mat,0.570796847343
new_2_172.mat,0.330442637205
new_2_173.mat,0.132484987378
new_2_174.mat,0.219372034073
new_2_175.mat,0.588689625263
new_2_176.mat,0.0895241722465
new_2_177.mat,0.305705696344
new_2_178.mat,0.207151442766
new_2_179.mat,0.568918883801
new_2_180.mat,0.306402593851
new_2_181.mat,0.504244863987
new_2_182.mat,0.416994452477
new_2_183.mat,0.551994383335
new_2_184.mat,0.247590839863
new_2_185.mat,0.560794532299
new_2_186.mat,0.0288757458329
new_2_187.mat,0.542736828327
new_2_188.mat,0.546358942986
new_2_189.mat,0.575837492943
new_2_190.mat,0.256037741899
new_2_191.mat,0.587912082672
new_2_192.mat,0.522237896919
new_2_193.mat,0.275188744068
new_2_194.mat,0.576107501984
new_2_195.mat,0.52485114336
new_2_196.mat,0.576829075813
new_2_197.mat,0.570723414421
new_2_198.mat,0.574685096741
new_2_199.mat,0.577524363995
new_2_200.mat,0.576157271862
new_2_201.mat,0.29046279192
new_2_202.mat,0.238257393241
new_2_203.mat,0.249282300472
new_2_204.mat,0.552351534367
new_2_205.mat,0.525481462479
new_2_206.mat,0.281757503748
new_2_207.mat,0.569237351418
new_2_208.mat,0.572072446346
new_2_209.mat,0.420565992594
new_2_210.mat,0.588303864002
new_2_211.mat,0.266732633114
new_2_212.mat,0.574777424335
new_2_213.mat,0.537137329578
new_2_214.mat,0.56656819582
new_2_215.mat,0.269115746021
new_2_216.mat,0.577955842018
new_2_217.mat,0.498201549053
new_2_218.mat,0.231646120548
new_2_219.mat,0.571246445179
new_2_220.mat,0.576772332191
new_2_221.mat,0.549049258232
new_2_222.mat,0.248469755054
new_2_223.mat,0.595919907093
new_2_224.mat,0.555823385715
new_2_225.mat,0.570553064346
new_2_226.mat,0.517220854759
new_2_227.mat,0.0091352108866
new_2_228.mat,0.306061953306
new_2_229.mat,0.157438799739
new_2_230.mat,0.572975933552
new_2_231.mat,0.569939911366
new_2_232.mat,0.546805620193
new_2_233.mat,0.242203459144
new_2_234.mat,0.544593036175
new_2_235.mat,0.526010870934
new_2_236.mat,0.579092741013
new_2_237.mat,0.55065882206
new_2_238.mat,0.579578459263
new_2_239.mat,0.486087530851
new_2_240.mat,0.541104912758
new_2_241.mat,0.540471553802
new_2_242.mat,0.576994240284
new_2_243.mat,0.578148305416
new_2_244.mat,0.270344138145
new_2_245.mat,0.230671733618
new_2_246.mat,0.574033081532
new_2_247.mat,0.593838274479
new_2_248.mat,0.587545275688
new_2_249.mat,0.572466671467
new_2_250.mat,0.579314470291
new_2_251.mat,0.119057513773
new_2_252.mat,0.611169755459
new_2_253.mat,0.576566934586
new_2_254.mat,0.573506057262
new_2_255.mat,0.525556504726
new_2_256.mat,0.598043739796
new_2_257.mat,0.570482194424
new_2_258.mat,0.572876036167
new_2_259.mat,0.177874520421
new_2_260.mat,0.542668640614
new_2_261.mat,0.568674564362
new_2_262.mat,0.571255266666
new_2_263.mat,0.572445392609
new_2_264.mat,0.580348432064
new_2_265.mat,0.582119226456
new_2_266.mat,0.574703335762
new_2_267.mat,0.574731528759
new_2_268.mat,0.571970164776
new_2_269.mat,0.544983148575
new_2_270.mat,0.504656910896
new_2_271.mat,0.177236244082
new_2_272.mat,0.581780970097
new_2_273.mat,0.175991266966
new_2_274.mat,0.525381863117
new_2_275.mat,0.281393408775
new_2_276.mat,0.573178768158
new_2_277.mat,0.483731478453
new_2_278.mat,0.571118116379
new_2_279.mat,0.305955052376
new_2_280.mat,0.563958287239
new_2_281.mat,0.574656367302
new_2_282.mat,0.287242949009
new_2_283.mat,0.262928068638
new_2_284.mat,0.394675731659
new_2_285.mat,0.540798485279
new_2_286.mat,0.258818656206
new_2_287.mat,0.242650598288
new_2_288.mat,0.116988152266
new_2_289.mat,0.340054571629
new_2_290.mat,0.229925751686
new_2_291.mat,0.589406490326
new_2_292.mat,0.543755471706
new_2_293.mat,0.464935004711
new_2_294.mat,0.582246184349
new_2_295.mat,0.552795648575
new_2_296.mat,0.251936882734
new_2_297.mat,0.274405509233
new_2_298.mat,0.223442256451
new_2_299.mat,0.282746732235
new_2_300.mat,0.574350714684
new_2_301.mat,0.28152436018
new_2_302.mat,0.573189437389
new_2_303.mat,0.57209700346
new_2_304.mat,0.544046223164
new_2_305.mat,0.550255715847
new_2_306.mat,0.582991957664
new_2_307.mat,0.555647373199
new_2_308.mat,0.570740282536
new_2_309.mat,0.577657461166
new_2_310.mat,0.578834295273
new_2_311.mat,0.581949591637
new_2_312.mat,0.571378946304
new_2_313.mat,0.569458127022
new_2_314.mat,0.579380869865
new_2_315.mat,0.537403941154
new_2_316.mat,0.568378329277
new_2_317.mat,0.538363218307
new_2_318.mat,0.574326634407
new_2_319.mat,0.575483739376
new_2_320.mat,0.584263026714
new_2_321.mat,0.550122737885
new_2_322.mat,0.512197613716
new_2_323.mat,0.595196604729
new_2_324.mat,0.55350458622
new_2_325.mat,0.516449034214
new_2_326.mat,0.245545223355
new_2_327.mat,0.272091478109
new_2_328.mat,0.348583906889
new_2_329.mat,0.320559978485
new_2_330.mat,0.589315354824
new_2_331.mat,0.563041269779
new_2_332.mat,0.555266737938
new_2_333.mat,0.581793427467
new_2_334.mat,0.583674311638
new_2_335.mat,0.130058512092
new_2_336.mat,0.511271893978
new_2_337.mat,0.133364394307
new_2_338.mat,0.572560608387
new_2_339.mat,0.571737170219
new_2_340.mat,0.202613547444
new_2_341.mat,0.555416285992
new_2_342.mat,0.57443857193
new_2_343.mat,0.547859668732
new_2_344.mat,0.523236870766
new_2_345.mat,0.28393304348
new_2_346.mat,0.218690678477
new_2_347.mat,0.544029593468
new_2_348.mat,0.578420519829
new_2_349.mat,0.208269611001
new_2_350.mat,0.406915664673
new_2_351.mat,0.56825453043
new_2_352.mat,0.572270691395
new_2_353.mat,0.549540102482
new_2_354.mat,0.581098854542
new_2_355.mat,0.591689229012
new_2_356.mat,0.55682694912
new_2_357.mat,0.270843505859
new_2_358.mat,0.555112302303
new_2_359.mat,0.121416792274
new_2_360.mat,0.232075795531
new_2_361.mat,0.555349469185
new_2_362.mat,0.257556527853
new_2_363.mat,0.576628565788
new_2_364.mat,0.572880446911
new_2_365.mat,0.56922107935
new_2_366.mat,0.529750108719
new_2_367.mat,0.57248878479
new_2_368.mat,0.132304862142
new_2_369.mat,0.572532594204
new_2_370.mat,0.568293392658
new_2_371.mat,0.554693341255
new_2_372.mat,0.573379874229
new_2_373.mat,0.58147919178
new_2_374.mat,0.27153646946
new_2_375.mat,0.578235983849
new_2_376.mat,0.23219178617
new_2_377.mat,0.264524519444
new_2_378.mat,0.533157706261
new_2_379.mat,0.582642555237
new_2_380.mat,0.565093994141
new_2_381.mat,0.250527173281
new_2_382.mat,0.555846691132
new_2_383.mat,0.570373773575
new_2_384.mat,0.241331785917
new_2_385.mat,0.57988935709
new_2_386.mat,0.571863651276
new_2_387.mat,0.554944992065
new_2_388.mat,0.251736909151
new_2_389.mat,0.572185337543
new_2_390.mat,0.563341677189
new_2_391.mat,0.276280969381
new_2_392.mat,0.534783840179
new_2_393.mat,0.590015828609
new_2_394.mat,0.572055697441
new_2_395.mat,0.539168059826
new_2_396.mat,0.538686156273
new_2_397.mat,0.549509048462
new_2_398.mat,0.438809216022
new_2_399.mat,0.536358177662
new_2_400.mat,0.516896426678
new_2_401.mat,0.550002515316
new_2_402.mat,0.573358118534
new_2_403.mat,0.581019282341
new_2_404.mat,0.57529592514
new_2_405.mat,0.236093848944
new_2_406.mat,0.552511036396
new_2_407.mat,0.567226886749
new_2_408.mat,0.526525914669
new_2_409.mat,0.548462092876
new_2_410.mat,0.550376653671
new_2_411.mat,0.571796834469
new_2_412.mat,0.571402966976
new_2_413.mat,0.57041066885
new_2_414.mat,0.241558790207
new_2_415.mat,0.361199349165
new_2_416.mat,0.535121679306
new_2_417.mat,0.580618679523
new_2_418.mat,0.202361851931
new_2_419.mat,0.568180561066
new_2_420.mat,0.485616803169
new_2_421.mat,0.579991221428
new_2_422.mat,0.559909462929
new_2_423.mat,0.239876493812
new_2_424.mat,0.577891349792
new_2_425.mat,0.552032887936
new_2_426.mat,0.124273113906
new_2_427.mat,0.570395350456
new_2_428.mat,0.556439220905
new_2_429.mat,0.254602849483
new_2_430.mat,0.558707892895
new_2_431.mat,0.573900520802
new_2_432.mat,0.266677290201
new_2_433.mat,0.485616803169
new_2_434.mat,0.042202219367
new_2_435.mat,0.557121992111
new_2_436.mat,0.569595575333
new_2_437.mat,0.544603705406
new_2_438.mat,0.578348457813
new_2_439.mat,0.334368407726
new_2_440.mat,0.0673584118485
new_2_441.mat,0.551389276981
new_2_442.mat,0.544661700726
new_2_443.mat,0.572336614132
new_2_444.mat,0.5833979249
new_2_445.mat,0.577911973
new_2_446.mat,0.573355793953
new_2_447.mat,0.570651531219
new_2_448.mat,0.57752007246
new_2_449.mat,0.571037352085
new_2_450.mat,0.585871458054
new_2_451.mat,0.546823978424
new_2_452.mat,0.589005589485
new_2_453.mat,0.336151540279
new_2_454.mat,0.251732170582
new_2_455.mat,0.566533923149
new_2_456.mat,0.503216326237
new_2_457.mat,0.278805702925
new_2_458.mat,0.530990421772
new_2_459.mat,0.541236281395
new_2_460.mat,0.556171000004
new_2_461.mat,0.242133960128
new_2_462.mat,0.57114392519
new_2_463.mat,0.576823353767
new_2_464.mat,0.580674648285
new_2_465.mat,0.535167634487
new_2_466.mat,0.545103490353
new_2_467.mat,0.255147188902
new_2_468.mat,0.582097172737
new_2_469.mat,0.290477007627
new_2_470.mat,0.580719709396
new_2_471.mat,0.572970092297
new_2_472.mat,0.570443570614
new_2_473.mat,0.355187833309
new_2_474.mat,0.572094202042
new_2_475.mat,0.19198769331
new_2_476.mat,0.19809602201
new_2_477.mat,0.571855187416
new_2_478.mat,0.574415504932
new_2_479.mat,0.580506265163
new_2_480.mat,0.580512702465
new_2_481.mat,0.54724252224
new_2_482.mat,0.313740074635
new_2_483.mat,0.57738506794
new_2_484.mat,0.137174069881
new_2_485.mat,0.571867108345
new_2_486.mat,0.55944865942
new_2_487.mat,0.539825439453
new_2_488.mat,0.590300917625
new_2_489.mat,0.557400166988
new_2_490.mat,0.578109741211
new_2_491.mat,0.588089227676
new_2_492.mat,0.547682225704
new_2_493.mat,0.574632465839
new_2_494.mat,0.575948655605
new_2_495.mat,0.581793725491
new_2_496.mat,0.578053951263
new_2_497.mat,0.562211096287
new_2_498.mat,0.179112106562
new_2_499.mat,0.485616803169
new_2_500.mat,0.579606831074
new_2_501.mat,0.093633711338
new_2_502.mat,0.567261517048
new_2_503.mat,0.570068657398
new_2_504.mat,0.578102469444
new_2_505.mat,0.581917524338
new_2_506.mat,0.579079627991
new_2_507.mat,0.257467389107
new_2_508.mat,0.309097141027
new_2_509.mat,0.249331846833
new_2_510.mat,0.571170985699
new_2_511.mat,0.5638859272
new_2_512.mat,0.554266929626
new_2_513.mat,0.574572443962
new_2_514.mat,0.217683643103
new_2_515.mat,0.537114024162
new_2_516.mat,0.251621991396
new_2_517.mat,0.571470141411
new_2_518.mat,0.577940583229
new_2_519.mat,0.597211658955
new_2_520.mat,0.544796168804
new_2_521.mat,0.581262052059
new_2_522.mat,0.268504738808
new_2_523.mat,0.536926805973
new_2_524.mat,0.545842647552
new_2_525.mat,0.570985615253
new_2_526.mat,0.571433961391
new_2_527.mat,0.56934595108
new_2_528.mat,0.181763455272
new_2_529.mat,0.569817662239
new_2_530.mat,0.267397373915
new_2_531.mat,0.568344414234
new_2_532.mat,0.589488089085
new_2_533.mat,0.548466384411
new_2_534.mat,0.260328710079
new_2_535.mat,0.540341854095
new_2_536.mat,0.57223790884
new_2_537.mat,0.0145063204691
new_2_538.mat,0.594150722027
new_2_539.mat,0.577443420887
new_2_540.mat,0.574159026146
new_2_541.mat,0.576006114483
new_2_542.mat,0.535710990429
new_2_543.mat,0.585202515125
new_2_544.mat,0.575621187687
new_2_545.mat,0.319136768579
new_2_546.mat,0.571347594261
new_2_547.mat,0.575104773045
new_2_548.mat,0.575461268425
new_2_549.mat,0.272403895855
new_2_550.mat,0.252607315779
new_2_551.mat,0.522122561932
new_2_552.mat,0.578033030033
new_2_553.mat,0.469188272953
new_2_554.mat,0.172351956367
new_2_555.mat,0.539991259575
new_2_556.mat,0.574485957623
new_2_557.mat,0.596044242382
new_2_558.mat,0.586786866188
new_2_559.mat,0.169330209494
new_2_560.mat,0.534193992615
new_2_561.mat,0.315788090229
new_2_562.mat,0.574048519135
new_2_563.mat,0.580049335957
new_2_564.mat,0.537424445152
new_2_565.mat,0.578144490719
new_2_566.mat,0.572669923306
new_2_567.mat,0.563101172447
new_2_568.mat,0.270593851805
new_2_569.mat,0.53908598423
new_2_570.mat,0.540597498417
new_2_571.mat,0.549924969673
new_2_572.mat,0.579885065556
new_2_573.mat,0.593886077404
new_2_574.mat,0.553763866425
new_2_575.mat,0.593048930168
new_2_576.mat,0.548689901829
new_2_577.mat,0.445610642433
new_2_578.mat,0.261696815491
new_2_579.mat,0.579804897308
new_2_580.mat,0.580095767975
new_2_581.mat,0.57696467638
new_2_582.mat,0.525569677353
new_2_583.mat,0.522671639919
new_2_584.mat,0.575984299183
new_2_585.mat,0.191929504275
new_2_586.mat,0.0535743571818
new_2_587.mat,0.528784692287
new_2_588.mat,0.270020663738
new_2_589.mat,0.190875306726
new_2_590.mat,0.575074613094
new_2_591.mat,0.194271981716
new_2_592.mat,0.576075315475
new_2_593.mat,0.578108906746
new_2_594.mat,0.310001254082
new_2_595.mat,0.355207711458
new_2_596.mat,0.112568251789
new_2_597.mat,0.575096428394
new_2_598.mat,0.57832723856
new_2_599.mat,0.270881593227
new_2_600.mat,0.428245037794
new_2_601.mat,0.617109358311
new_2_602.mat,0.570697963238
new_2_603.mat,0.579007267952
new_2_604.mat,0.568605422974
new_2_605.mat,0.544544160366
new_2_606.mat,0.532696306705
new_2_607.mat,0.555028378963
new_2_608.mat,0.58268815279
new_2_609.mat,0.318652123213
new_2_610.mat,0.541913092136
new_2_611.mat,0.571868121624
new_2_612.mat,0.542555689812
new_2_613.mat,0.58625793457
new_2_614.mat,0.594241201878
new_2_615.mat,0.576815903187
new_2_616.mat,0.540039479733
new_2_617.mat,0.261604368687
new_2_618.mat,0.541158735752
new_2_619.mat,0.557214975357
new_2_620.mat,0.317022621632
new_2_621.mat,0.560904204845
new_2_622.mat,0.57368350029
new_2_623.mat,0.544031441212
new_2_624.mat,0.576390206814
new_2_625.mat,0.5318338871
new_2_626.mat,0.561915278435
new_2_627.mat,0.211927428842
new_2_628.mat,0.322398513556
new_2_629.mat,0.579560279846
new_2_630.mat,0.570984244347
new_2_631.mat,0.535914361477
new_2_632.mat,0.235565915704
new_2_633.mat,0.576874732971
new_2_634.mat,0.571797609329
new_2_635.mat,0.536349833012
new_2_636.mat,0.558517813683
new_2_637.mat,0.572603285313
new_2_638.mat,0.571173667908
new_2_639.mat,0.569063782692
new_2_640.mat,0.580832898617
new_2_641.mat,0.555563807487
new_2_642.mat,0.606185317039
new_2_643.mat,0.577321171761
new_2_644.mat,0.589446306229
new_2_645.mat,0.258055448532
new_2_646.mat,0.573902130127
new_2_647.mat,0.268312364817
new_2_648.mat,0.57613670826
new_2_649.mat,0.572811424732
new_2_650.mat,0.397527366877
new_2_651.mat,0.573455631733
new_2_652.mat,0.565823674202
new_2_653.mat,0.267608255148
new_2_654.mat,0.569305717945
new_2_655.mat,0.559863865376
new_2_656.mat,0.226477026939
new_2_657.mat,0.259883612394
new_2_658.mat,0.569357693195
new_2_659.mat,0.511884450912
new_2_660.mat,0.255427181721
new_2_661.mat,0.112690769136
new_2_662.mat,0.577281296253
new_2_663.mat,0.576538980007
new_2_664.mat,0.547408103943
new_2_665.mat,0.5705986619
new_2_666.mat,0.340005666018
new_2_667.mat,0.547934710979
new_2_668.mat,0.552199304104
new_2_669.mat,0.353955209255
new_2_670.mat,0.24794305861
new_2_671.mat,0.579636693001
new_2_672.mat,0.349814862013
new_2_673.mat,0.582882702351
new_2_674.mat,0.572739303112
new_2_675.mat,0.233205109835
new_2_676.mat,0.580530583858
new_2_677.mat,0.581970453262
new_2_678.mat,0.585108160973
new_2_679.mat,0.535128176212
new_2_680.mat,0.585412859917
new_2_681.mat,0.570909023285
new_2_682.mat,0.563048541546
new_2_683.mat,0.584764838219
new_2_684.mat,0.570534825325
new_2_685.mat,0.549892306328
new_2_686.mat,0.54213565588
new_2_687.mat,0.121110081673
new_2_688.mat,0.0908457860351
new_2_689.mat,0.279083073139
new_2_690.mat,0.557407259941
new_2_691.mat,0.583737254143
new_2_692.mat,0.570690095425
new_2_693.mat,0.221346050501
new_2_694.mat,0.574549436569
new_2_695.mat,0.587685465813
new_2_696.mat,0.569930195808
new_2_697.mat,0.570801854134
new_2_698.mat,0.575082778931
new_2_699.mat,0.576144933701
new_2_700.mat,0.566479027271
new_2_701.mat,0.547803163528
new_2_702.mat,0.578270673752
new_2_703.mat,0.127336665988
new_2_704.mat,0.576469123363
new_2_705.mat,0.231422066689
new_2_706.mat,0.248963311315
new_2_707.mat,0.569766640663
new_2_708.mat,0.572397708893
new_2_709.mat,0.431676536798
new_2_710.mat,0.597591340542
new_2_711.mat,0.576413452625
new_2_712.mat,0.575841367245
new_2_713.mat,0.532658040524
new_2_714.mat,0.571129918098
new_2_715.mat,0.578381240368
new_2_716.mat,0.541190445423
new_2_717.mat,0.513533890247
new_2_718.mat,0.20140054822
new_2_719.mat,0.581894159317
new_2_720.mat,0.57388484478
new_2_721.mat,0.333064496517
new_2_722.mat,0.576049685478
new_2_723.mat,0.22911439836
new_2_724.mat,0.548393726349
new_2_725.mat,0.566800773144
new_2_726.mat,0.589575588703
new_2_727.mat,0.574595808983
new_2_728.mat,0.575329184532
new_2_729.mat,0.554288864136
new_2_730.mat,0.288056820631
new_2_731.mat,0.252213388681
new_2_732.mat,0.573621511459
new_2_733.mat,0.554122209549
new_2_734.mat,0.536193668842
new_2_735.mat,0.374011546373
new_2_736.mat,0.557799637318
new_2_737.mat,0.567745268345
new_2_738.mat,0.578885793686
new_2_739.mat,0.294174909592
new_2_740.mat,0.485616803169
new_2_741.mat,0.0875971093774
new_2_742.mat,0.245376780629
new_2_743.mat,0.572679400444
new_2_744.mat,0.191877618432
new_2_745.mat,0.574757456779
new_2_746.mat,0.583391964436
new_2_747.mat,0.281682789326
new_2_748.mat,0.575224161148
new_2_749.mat,0.543817639351
new_2_750.mat,0.573441386223
new_2_751.mat,0.518616735935
new_2_752.mat,0.251590579748
new_2_753.mat,0.550293803215
new_2_754.mat,0.577856421471
new_2_755.mat,0.387477606535
new_2_756.mat,0.573905050755
new_2_757.mat,0.556497514248
new_2_758.mat,0.244568541646
new_2_759.mat,0.226261347532
new_2_760.mat,0.588994264603
new_2_761.mat,0.552880346775
new_2_762.mat,0.553738594055
new_2_763.mat,0.571205854416
new_2_764.mat,0.565940439701
new_2_765.mat,0.574816465378
new_2_766.mat,0.217893734574
new_2_767.mat,0.571071207523
new_2_768.mat,0.573775410652
new_2_769.mat,0.563155114651
new_2_770.mat,0.575219213963
new_2_771.mat,0.461070328951
new_2_772.mat,0.578736543655
new_2_773.mat,0.585516691208
new_2_774.mat,0.567153453827
new_2_775.mat,0.583532214165
new_2_776.mat,0.572287619114
new_2_777.mat,0.581956923008
new_2_778.mat,0.593277812004
new_2_779.mat,0.570497095585
new_2_780.mat,0.554459512234
new_2_781.mat,0.566009879112
new_2_782.mat,0.198803648353
new_2_783.mat,0.589352309704
new_2_784.mat,0.575016796589
new_2_785.mat,0.257436960936
new_2_786.mat,0.579246878624
new_2_787.mat,0.567563951015
new_2_788.mat,0.587215542793
new_2_789.mat,0.570748090744
new_2_790.mat,0.594565212727
new_2_791.mat,0.579887092113
new_2_792.mat,0.574068486691
new_2_793.mat,0.548547744751
new_2_794.mat,0.596998274326
new_2_795.mat,0.580141603947
new_2_796.mat,0.570281386375
new_2_797.mat,0.556074678898
new_2_798.mat,0.491397202015
new_2_799.mat,0.045544128865
new_2_800.mat,0.551871657372
new_2_801.mat,0.24181856215
new_2_802.mat,0.571031689644
new_2_803.mat,0.546920955181
new_2_804.mat,0.545149505138
new_2_805.mat,0.341298490763
new_2_806.mat,0.569110453129
new_2_807.mat,0.262136906385
new_2_808.mat,0.554815590382
new_2_809.mat,0.540542185307
new_2_810.mat,0.548565328121
new_2_811.mat,0.574200809002
new_2_812.mat,0.120610788465
new_2_813.mat,0.299794614315
new_2_814.mat,0.299077630043
new_2_815.mat,0.293498754501
new_2_816.mat,0.577554941177
new_2_817.mat,0.151648581028
new_2_818.mat,0.571542620659
new_2_819.mat,0.559882581234
new_2_820.mat,0.209857091308
new_2_821.mat,0.306302398443
new_2_822.mat,0.568075060844
new_2_823.mat,0.543482363224
new_2_824.mat,0.586931169033
new_2_825.mat,0.573480069637
new_2_826.mat,0.568539977074
new_2_827.mat,0.248812586069
new_2_828.mat,0.545537650585
new_2_829.mat,0.573746860027
new_2_830.mat,0.060255151242
new_2_831.mat,0.57757037878
new_2_832.mat,0.595931053162
new_2_833.mat,0.57307857275
new_2_834.mat,0.2776016891
new_2_835.mat,0.57597386837
new_2_836.mat,0.535873532295
new_2_837.mat,0.576181709766
new_2_838.mat,0.191537380219
new_2_839.mat,0.225528806448
new_2_840.mat,0.562822461128
new_2_841.mat,0.570518255234
new_2_842.mat,0.551248431206
new_2_843.mat,0.229918137193
new_2_844.mat,0.577332913876
new_2_845.mat,0.1742965132
new_2_846.mat,0.2139326334
new_2_847.mat,0.57775503397
new_2_848.mat,0.529747486115
new_2_849.mat,0.615609526634
new_2_850.mat,0.541117191315
new_2_851.mat,0.545145213604
new_2_852.mat,0.522251844406
new_2_853.mat,0.556797981262
new_2_854.mat,0.570960581303
new_2_855.mat,0.27562096715
new_2_856.mat,0.543199896812
new_2_857.mat,0.537146031857
new_2_858.mat,0.562366843224
new_2_859.mat,0.542827486992
new_2_860.mat,0.501239836216
new_2_861.mat,0.0141246700659
new_2_862.mat,0.578362584114
new_2_863.mat,0.567294836044
new_2_864.mat,0.26265001297
new_2_865.mat,0.267393678427
new_2_866.mat,0.571959674358
new_2_867.mat,0.596341252327
new_2_868.mat,0.575459063053
new_2_869.mat,0.592044472694
new_2_870.mat,0.245614483953
new_2_871.mat,0.57847481966
new_2_872.mat,0.577630221844
new_2_873.mat,0.543362855911
new_2_874.mat,0.569785654545
new_2_875.mat,0.571423411369
new_2_876.mat,0.567967474461
new_2_877.mat,0.581138312817
new_2_878.mat,0.588974237442
new_2_879.mat,0.557667851448
new_2_880.mat,0.275053322315
new_2_881.mat,0.52628082037
new_2_882.mat,0.574073255062
new_2_883.mat,0.205586716533
new_2_884.mat,0.454274624586
new_2_885.mat,0.239188104868
new_2_886.mat,0.588690936565
new_2_887.mat,0.590445816517
new_2_888.mat,0.574375748634
new_2_889.mat,0.573036372662
new_2_890.mat,0.538376629353
new_2_891.mat,0.588545441628
new_2_892.mat,0.215817496181
new_2_893.mat,0.585751593113
new_2_894.mat,0.574176728725
new_2_895.mat,0.592160701752
new_2_896.mat,0.593149542809
new_2_897.mat,0.27530798316
new_2_898.mat,0.575977742672
new_2_899.mat,0.203324347734
new_2_900.mat,0.589015722275
new_2_901.mat,0.570103645325
new_2_902.mat,0.562526345253
new_2_903.mat,0.573118805885
new_2_904.mat,0.592567920685
new_2_905.mat,0.594832718372
new_2_906.mat,0.587411701679
new_2_907.mat,0.574109315872
new_2_908.mat,0.565789937973
new_2_909.mat,0.52659201622
new_2_910.mat,0.545749127865
new_2_911.mat,0.577428519726
new_2_912.mat,0.131547138095
new_2_913.mat,0.579102277756
new_2_914.mat,0.569587111473
new_2_915.mat,0.542123377323
new_2_916.mat,0.501743972301
new_2_917.mat,0.573800086975
new_2_918.mat,0.573455631733
new_2_919.mat,0.264189392328
new_2_920.mat,0.571619510651
new_2_921.mat,0.571891367435
new_2_922.mat,0.57658290863
new_2_923.mat,0.575598955154
new_2_924.mat,0.256789982319
new_2_925.mat,0.574168920517
new_2_926.mat,0.570215880871
new_2_927.mat,0.261985033751
new_2_928.mat,0.226006180048
new_2_929.mat,0.529903531075
new_2_930.mat,0.573896586895
new_2_931.mat,0.248814448714
new_2_932.mat,0.292103022337
new_2_933.mat,0.575806856155
new_2_934.mat,0.560179293156
new_2_935.mat,0.246082529426
new_2_936.mat,0.255389273167
new_2_937.mat,0.584260106087
new_2_938.mat,0.278572589159
new_2_939.mat,0.255547553301
new_2_940.mat,0.573650717735
new_2_941.mat,0.570712029934
new_2_942.mat,0.558868348598
new_2_943.mat,0.262825638056
new_2_944.mat,0.182432249188
new_2_945.mat,0.569367468357
new_2_946.mat,0.568598926067
new_2_947.mat,0.524332463741
new_2_948.mat,0.560918390751
new_2_949.mat,0.551299452782
new_2_950.mat,0.156550690532
new_2_951.mat,0.543716728687
new_2_952.mat,0.221452996135
new_2_953.mat,0.574062049389
new_2_954.mat,0.58409422636
new_2_955.mat,0.577602982521
new_2_956.mat,0.569022238255
new_2_957.mat,0.178285911679
new_2_958.mat,0.574086785316
new_2_959.mat,0.536238729954
new_2_960.mat,0.581726253033
new_2_961.mat,0.260759085417
new_2_962.mat,0.118124090135
new_2_963.mat,0.208217635751
new_2_964.mat,0.589882135391
new_2_965.mat,0.253918319941
new_2_966.mat,0.196128234267
new_2_967.mat,0.576420545578
new_2_968.mat,0.575834810734
new_2_969.mat,0.249918878078
new_2_970.mat,0.584165871143
new_2_971.mat,0.547675967216
new_2_972.mat,0.552886784077
new_2_973.mat,0.577524483204
new_2_974.mat,0.552650988102
new_2_975.mat,0.572560250759
new_2_976.mat,0.582393407822
new_2_977.mat,0.286647647619
new_2_978.mat,0.570207118988
new_2_979.mat,0.571723401546
new_2_980.mat,0.542934775352
new_2_981.mat,0.573349297047
new_2_982.mat,0.574970722198
new_2_983.mat,0.0806236639619
new_2_984.mat,0.139139309525
new_2_985.mat,0.579038858414
new_2_986.mat,0.555445432663
new_2_987.mat,0.277672231197
new_2_988.mat,0.545945167542
new_2_989.mat,0.585154533386
new_2_990.mat,0.337798058987
new_2_991.mat,0.539739787579
new_2_992.mat,0.556885421276
new_2_993.mat,0.573220908642
new_2_994.mat,0.570730805397
new_2_995.mat,0.595756828785
new_2_996.mat,0.541655898094
new_2_997.mat,0.568876683712
new_2_998.mat,0.110550157726
new_2_999.mat,0.579829156399
new_2_1000.mat,0.240428119898
new_2_1001.mat,0.10171764344
new_2_1002.mat,0.303405821323
new_3_1.mat,0.504758179188
new_3_2.mat,0.504451990128
new_3_3.mat,0.507575631142
new_3_4.mat,0.507341742516
new_3_5.mat,0.507204353809
new_3_6.mat,0.501781105995
new_3_7.mat,0.495434135199
new_3_8.mat,0.504182696342
new_3_9.mat,0.514069318771
new_3_10.mat,0.510546028614
new_3_11.mat,0.497225761414
new_3_12.mat,0.500780880451
new_3_13.mat,0.49918794632
new_3_14.mat,0.509560883045
new_3_15.mat,0.513891220093
new_3_16.mat,0.497828960419
new_3_17.mat,0.505403399467
new_3_18.mat,0.506397485733
new_3_19.mat,0.498369693756
new_3_20.mat,0.505112469196
new_3_21.mat,0.469192653894
new_3_22.mat,0.500447273254
new_3_23.mat,0.507912695408
new_3_24.mat,0.503404259682
new_3_25.mat,0.501595377922
new_3_26.mat,0.499326407909
new_3_27.mat,0.513666808605
new_3_28.mat,0.50576043129
new_3_29.mat,0.499894469976
new_3_30.mat,0.500183165073
new_3_31.mat,0.507246673107
new_3_32.mat,0.511113762856
new_3_33.mat,0.501849412918
new_3_34.mat,0.508504033089
new_3_35.mat,0.511473655701
new_3_36.mat,0.505093514919
new_3_37.mat,0.505599796772
new_3_38.mat,0.505819618702
new_3_39.mat,0.508482277393
new_3_40.mat,0.514236867428
new_3_41.mat,0.506654441357
new_3_42.mat,0.500110507011
new_3_43.mat,0.503142476082
new_3_44.mat,0.506572246552
new_3_45.mat,0.5057284832
new_3_46.mat,0.504360496998
new_3_47.mat,0.503085553646
new_3_48.mat,0.506732404232
new_3_49.mat,0.509472191334
new_3_50.mat,0.502963900566
new_3_51.mat,0.495462268591
new_3_52.mat,0.51182115078
new_3_53.mat,0.500284254551
new_3_54.mat,0.501886844635
new_3_55.mat,0.503204524517
new_3_56.mat,0.506868481636
new_3_57.mat,0.498318135738
new_3_58.mat,0.489149779081
new_3_59.mat,0.513143002987
new_3_60.mat,0.507423698902
new_3_61.mat,0.498790591955
new_3_62.mat,0.507621049881
new_3_63.mat,0.509669244289
new_3_64.mat,0.508745372295
new_3_65.mat,0.502367317677
new_3_66.mat,0.508193135262
new_3_67.mat,0.507992744446
new_3_68.mat,0.508667290211
new_3_69.mat,0.506006896496
new_3_70.mat,0.496805608273
new_3_71.mat,0.49965146184
new_3_72.mat,0.515163600445
new_3_73.mat,0.51612329483
new_3_74.mat,0.504896402359
new_3_75.mat,0.509108901024
new_3_76.mat,0.499711066484
new_3_77.mat,0.509805858135
new_3_78.mat,0.49462467432
new_3_79.mat,0.50688457489
new_3_80.mat,0.506791651249
new_3_81.mat,0.502726912498
new_3_82.mat,0.501493453979
new_3_83.mat,0.505694031715
new_3_84.mat,0.506371378899
new_3_85.mat,0.503645896912
new_3_86.mat,0.505077004433
new_3_87.mat,0.506456255913
new_3_88.mat,0.506551027298
new_3_89.mat,0.501393437386
new_3_90.mat,0.505121946335
new_3_91.mat,0.503252744675
new_3_92.mat,0.50070130825
new_3_93.mat,0.50583845377
new_3_94.mat,0.50622189045
new_3_95.mat,0.508977711201
new_3_96.mat,0.511141955853
new_3_97.mat,0.504107117653
new_3_98.mat,0.504721105099
new_3_99.mat,0.499326765537
new_3_100.mat,0.506100177765
new_3_101.mat,0.682994961739
new_3_102.mat,0.492109954357
new_3_103.mat,0.506188631058
new_3_104.mat,0.505931556225
new_3_105.mat,0.50156724453
new_3_106.mat,0.505294382572
new_3_107.mat,0.498735427856
new_3_108.mat,0.50290119648
new_3_109.mat,0.500934779644
new_3_110.mat,0.50569075346
new_3_111.mat,0.502406299114
new_3_112.mat,0.503604888916
new_3_113.mat,0.504441320896
new_3_114.mat,0.503864645958
new_3_115.mat,0.504428505898
new_3_116.mat,0.49882799387
new_3_117.mat,0.506126046181
new_3_118.mat,0.499784916639
new_3_119.mat,0.503886759281
new_3_120.mat,0.508282065392
new_3_121.mat,0.502612173557
new_3_122.mat,0.504384756088
new_3_123.mat,0.504303455353
new_3_124.mat,0.657017946243
new_3_125.mat,0.51285380125
new_3_126.mat,0.514846563339
new_3_127.mat,0.507509171963
new_3_128.mat,0.51114565134
new_3_129.mat,0.501841843128
new_3_130.mat,0.508195817471
new_3_131.mat,0.506419956684
new_3_132.mat,0.500021100044
new_3_133.mat,0.503286004066
new_3_134.mat,0.673509418964
new_3_135.mat,0.513516783714
new_3_136.mat,0.501870393753
new_3_137.mat,0.503377020359
new_3_138.mat,0.507341563702
new_3_139.mat,0.504123985767
new_3_140.mat,0.50467646122
new_3_141.mat,0.499234586954
new_3_142.mat,0.504871308804
new_3_143.mat,0.501212418079
new_3_144.mat,0.499578565359
new_3_145.mat,0.506223797798
new_3_146.mat,0.504255235195
new_3_147.mat,0.510528564453
new_3_148.mat,0.496596336365
new_3_149.mat,0.508174061775
new_3_150.mat,0.502331614494
new_3_151.mat,0.507016897202
new_3_152.mat,0.511290669441
new_3_153.mat,0.506084382534
new_3_154.mat,0.510939478874
new_3_155.mat,0.504729688168
new_3_156.mat,0.50700366497
new_3_157.mat,0.681568980217
new_3_158.mat,0.510352671146
new_3_159.mat,0.510405957699
new_3_160.mat,0.510260522366
new_3_161.mat,0.501825630665
new_3_162.mat,0.506860256195
new_3_163.mat,0.503085255623
new_3_164.mat,0.510115504265
new_3_165.mat,0.494701892138
new_3_166.mat,0.509533822536
new_3_167.mat,0.504197180271
new_3_168.mat,0.505313634872
new_3_169.mat,0.499931484461
new_3_170.mat,0.500184834003
new_3_171.mat,0.505415260792
new_3_172.mat,0.503664672375
new_3_173.mat,0.501922667027
new_3_174.mat,0.661748290062
new_3_175.mat,0.503146767616
new_3_176.mat,0.500141501427
new_3_177.mat,0.507584810257
new_3_178.mat,0.510423481464
new_3_179.mat,0.505781590939
new_3_180.mat,0.504552662373
new_3_181.mat,0.504457652569
new_3_182.mat,0.508481323719
new_3_183.mat,0.51018512249
new_3_184.mat,0.510021746159
new_3_185.mat,0.503893733025
new_3_186.mat,0.498541474342
new_3_187.mat,0.501628637314
new_3_188.mat,0.511335611343
new_3_189.mat,0.506914436817
new_3_190.mat,0.497178524733
new_3_191.mat,0.502825677395
new_3_192.mat,0.501576662064
new_3_193.mat,0.514541268349
new_3_194.mat,0.506023168564
new_3_195.mat,0.499752253294
new_3_196.mat,0.508129060268
new_3_197.mat,0.682785212994
new_3_198.mat,0.507558822632
new_3_199.mat,0.501858115196
new_3_200.mat,0.510814726353
new_3_201.mat,0.508892536163
new_3_202.mat,0.507344603539
new_3_203.mat,0.500730514526
new_3_204.mat,0.505828082561
new_3_205.mat,0.500098228455
new_3_206.mat,0.501258611679
new_3_207.mat,0.503460228443
new_3_208.mat,0.509326577187
new_3_209.mat,0.510652899742
new_3_210.mat,0.504029035568
new_3_211.mat,0.509441614151
new_3_212.mat,0.505021989346
new_3_213.mat,0.509957194328
new_3_214.mat,0.505273997784
new_3_215.mat,0.501539409161
new_3_216.mat,0.510639607906
new_3_217.mat,0.48836016655
new_3_218.mat,0.493863403797
new_3_219.mat,0.684079945087
new_3_220.mat,0.507538735867
new_3_221.mat,0.514866828918
new_3_222.mat,0.506951928139
new_3_223.mat,0.511892855167
new_3_224.mat,0.510007798672
new_3_225.mat,0.503203630447
new_3_226.mat,0.503244876862
new_3_227.mat,0.511627852917
new_3_228.mat,0.503780424595
new_3_229.mat,0.505440890789
new_3_230.mat,0.506994724274
new_3_231.mat,0.509275436401
new_3_232.mat,0.500908195972
new_3_233.mat,0.502429664135
new_3_234.mat,0.504111349583
new_3_235.mat,0.666545152664
new_3_236.mat,0.508714497089
new_3_237.mat,0.505588531494
new_3_238.mat,0.501594483852
new_3_239.mat,0.497964113951
new_3_240.mat,0.504182815552
new_3_241.mat,0.506009936333
new_3_242.mat,0.507993996143
new_3_243.mat,0.496512174606
new_3_244.mat,0.497214883566
new_3_245.mat,0.498155236244
new_3_246.mat,0.507958233356
new_3_247.mat,0.509974837303
new_3_248.mat,0.510484457016
new_3_249.mat,0.509559750557
new_3_250.mat,0.505717158318
new_3_251.mat,0.512155354023
new_3_252.mat,0.509791731834
new_3_253.mat,0.494366675615
new_3_254.mat,0.507353484631
new_3_255.mat,0.49921515584
new_3_256.mat,0.505374670029
new_3_257.mat,0.509002864361
new_3_258.mat,0.512804448605
new_3_259.mat,0.514072537422
new_3_260.mat,0.503003418446
new_3_261.mat,0.506833970547
new_3_262.mat,0.509197413921
new_3_263.mat,0.510634064674
new_3_264.mat,0.496483117342
new_3_265.mat,0.509536385536
new_3_266.mat,0.506431281567
new_3_267.mat,0.501630783081
new_3_268.mat,0.489885300398
new_3_269.mat,0.499420046806
new_3_270.mat,0.507205605507
new_3_271.mat,0.50166785717
new_3_272.mat,0.502673566341
new_3_273.mat,0.504826486111
new_3_274.mat,0.499759882689
new_3_275.mat,0.50165116787
new_3_276.mat,0.494975537062
new_3_277.mat,0.507673621178
new_3_278.mat,0.503464818001
new_3_279.mat,0.499486267567
new_3_280.mat,0.504243910313
new_3_281.mat,0.503102481365
new_3_282.mat,0.507942736149
new_3_283.mat,0.49530428648
new_3_284.mat,0.508550941944
new_3_285.mat,0.494792342186
new_3_286.mat,0.506732702255
new_3_287.mat,0.509408056736
new_3_288.mat,0.503340959549
new_3_289.mat,0.656549870968
new_3_290.mat,0.504553854465
new_3_291.mat,0.501350998878
new_3_292.mat,0.508126676083
new_3_293.mat,0.501860022545
new_3_294.mat,0.504814207554
new_3_295.mat,0.499325215816
new_3_296.mat,0.511426746845
new_3_297.mat,0.678731203079
new_3_298.mat,0.505530595779
new_3_299.mat,0.495282500982
new_3_300.mat,0.50610935688
new_3_301.mat,0.507466673851
new_3_302.mat,0.508574604988
new_3_303.mat,0.501856565475
new_3_304.mat,0.507483065128
new_3_305.mat,0.510939061642
new_3_306.mat,0.503288805485
new_3_307.mat,0.502699315548
new_3_308.mat,0.504772245884
new_3_309.mat,0.511745333672
new_3_310.mat,0.500518620014
new_3_311.mat,0.506601452827
new_3_312.mat,0.499637037516
new_3_313.mat,0.499522387981
new_3_314.mat,0.513081014156
new_3_315.mat,0.506475746632
new_3_316.mat,0.505737006664
new_3_317.mat,0.506606400013
new_3_318.mat,0.503776967525
new_3_319.mat,0.512174069881
new_3_320.mat,0.499401152134
new_3_321.mat,0.503331542015
new_3_322.mat,0.510646164417
new_3_323.mat,0.504781782627
new_3_324.mat,0.657835125923
new_3_325.mat,0.504967093468
new_3_326.mat,0.502413570881
new_3_327.mat,0.508659601212
new_3_328.mat,0.510225713253
new_3_329.mat,0.505135774612
new_3_330.mat,0.508660197258
new_3_331.mat,0.506480634212
new_3_332.mat,0.511043846607
new_3_333.mat,0.504296183586
new_3_334.mat,0.507220864296
new_3_335.mat,0.502139747143
new_3_336.mat,0.502974867821
new_3_337.mat,0.508407354355
new_3_338.mat,0.501308560371
new_3_339.mat,0.508255660534
new_3_340.mat,0.507602274418
new_3_341.mat,0.508361458778
new_3_342.mat,0.515052616596
new_3_343.mat,0.496725410223
new_3_344.mat,0.502884864807
new_3_345.mat,0.501115202904
new_3_346.mat,0.493548184633
new_3_347.mat,0.495438456535
new_3_348.mat,0.511001050472
new_3_349.mat,0.507064342499
new_3_350.mat,0.496187746525
new_3_351.mat,0.507510185242
new_3_352.mat,0.504510939121
new_3_353.mat,0.509532630444
new_3_354.mat,0.508653759956
new_3_355.mat,0.495751798153
new_3_356.mat,0.501186192036
new_3_357.mat,0.500240325928
new_3_358.mat,0.507370889187
new_3_359.mat,0.507136762142
new_3_360.mat,0.50122320652
new_3_361.mat,0.510565817356
new_3_362.mat,0.494700402021
new_3_363.mat,0.499344915152
new_3_364.mat,0.511546969414
new_3_365.mat,0.510236084461
new_3_366.mat,0.502466797829
new_3_367.mat,0.501919925213
new_3_368.mat,0.513845980167
new_3_369.mat,0.501206755638
new_3_370.mat,0.501973390579
new_3_371.mat,0.507758617401
new_3_372.mat,0.499363481998
new_3_373.mat,0.501647114754
new_3_374.mat,0.501686930656
new_3_375.mat,0.508916914463
new_3_376.mat,0.498544216156
new_3_377.mat,0.510917782784
new_3_378.mat,0.501809597015
new_3_379.mat,0.505421519279
new_3_380.mat,0.503730177879
new_3_381.mat,0.504801869392
new_3_382.mat,0.51441437006
new_3_383.mat,0.503798723221
new_3_384.mat,0.507921636105
new_3_385.mat,0.50753647089
new_3_386.mat,0.505962789059
new_3_387.mat,0.508170008659
new_3_388.mat,0.501742064953
new_3_389.mat,0.514484763145
new_3_390.mat,0.500417947769
new_3_391.mat,0.511036336422
new_3_392.mat,0.504900276661
new_3_393.mat,0.507830858231
new_3_394.mat,0.499595612288
new_3_395.mat,0.505805194378
new_3_396.mat,0.503657996655
new_3_397.mat,0.508162260056
new_3_398.mat,0.508340477943
new_3_399.mat,0.500465154648
new_3_400.mat,0.506767749786
new_3_401.mat,0.507730484009
new_3_402.mat,0.50886541605
new_3_403.mat,0.504116475582
new_3_404.mat,0.507371425629
new_3_405.mat,0.502705216408
new_3_406.mat,0.508234262466
new_3_407.mat,0.500211179256
new_3_408.mat,0.50250005722
new_3_409.mat,0.51057446003
new_3_410.mat,0.503022551537
new_3_411.mat,0.503866612911
new_3_412.mat,0.515487790108
new_3_413.mat,0.50533425808
new_3_414.mat,0.505369365215
new_3_415.mat,0.510802328587
new_3_416.mat,0.50213354826
new_3_417.mat,0.488560974598
new_3_418.mat,0.5105946064
new_3_419.mat,0.506160855293
new_3_420.mat,0.504736661911
new_3_421.mat,0.506509125233
new_3_422.mat,0.509200632572
new_3_423.mat,0.507263481617
new_3_424.mat,0.511391282082
new_3_425.mat,0.512163817883
new_3_426.mat,0.514289677143
new_3_427.mat,0.510817587376
new_3_428.mat,0.513102471828
new_3_429.mat,0.503667414188
new_3_430.mat,0.512484073639
new_3_431.mat,0.496350169182
new_3_432.mat,0.504754304886
new_3_433.mat,0.681184828281
new_3_434.mat,0.507443368435
new_3_435.mat,0.50254970789
new_3_436.mat,0.503993630409
new_3_437.mat,0.494294285774
new_3_438.mat,0.50415378809
new_3_439.mat,0.514775574207
new_3_440.mat,0.505498349667
new_3_441.mat,0.500379920006
new_3_442.mat,0.504804134369
new_3_443.mat,0.503612041473
new_3_444.mat,0.505917847157
new_3_445.mat,0.505917012691
new_3_446.mat,0.704910516739
new_3_447.mat,0.514192998409
new_3_448.mat,0.50458073616
new_3_449.mat,0.506242573261
new_3_450.mat,0.506721436977
new_3_451.mat,0.500306785107
new_3_452.mat,0.508188307285
new_3_453.mat,0.502402424812
new_3_454.mat,0.50578981638
new_3_455.mat,0.500378847122
new_3_456.mat,0.508622527122
new_3_457.mat,0.507591366768
new_3_458.mat,0.499038308859
new_3_459.mat,0.51139485836
new_3_460.mat,0.507455706596
new_3_461.mat,0.509244740009
new_3_462.mat,0.504482984543
new_3_463.mat,0.506766200066
new_3_464.mat,0.506700873375
new_3_465.mat,0.511212170124
new_3_466.mat,0.509134829044
new_3_467.mat,0.508422136307
new_3_468.mat,0.502396285534
new_3_469.mat,0.510424673557
new_3_470.mat,0.488385736942
new_3_471.mat,0.509163141251
new_3_472.mat,0.508497536182
new_3_473.mat,0.498095542192
new_3_474.mat,0.510640144348
new_3_475.mat,0.508270680904
new_3_476.mat,0.490936756134
new_3_477.mat,0.503143310547
new_3_478.mat,0.504586756229
new_3_479.mat,0.510400235653
new_3_480.mat,0.510938167572
new_3_481.mat,0.503753960133
new_3_482.mat,0.508130908012
new_3_483.mat,0.513627886772
new_3_484.mat,0.508980929852
new_3_485.mat,0.5087428689
new_3_486.mat,0.505614995956
new_3_487.mat,0.509926199913
new_3_488.mat,0.497448295355
new_3_489.mat,0.511667907238
new_3_490.mat,0.509431958199
new_3_491.mat,0.505939483643
new_3_492.mat,0.508460342884
new_3_493.mat,0.658942222595
new_3_494.mat,0.504233777523
new_3_495.mat,0.512395560741
new_3_496.mat,0.502069234848
new_3_497.mat,0.511565983295
new_3_498.mat,0.501207232475
new_3_499.mat,0.500752091408
new_3_500.mat,0.505920767784
new_3_501.mat,0.51198142767
new_3_502.mat,0.508653879166
new_3_503.mat,0.503681361675
new_3_504.mat,0.658784389496
new_3_505.mat,0.499946713448
new_3_506.mat,0.502951323986
new_3_507.mat,0.686774075031
new_3_508.mat,0.495081245899
new_3_509.mat,0.497273564339
new_3_510.mat,0.509571075439
new_3_511.mat,0.49977016449
new_3_512.mat,0.498633295298
new_3_513.mat,0.512142837048
new_3_514.mat,0.51442104578
new_3_515.mat,0.511477649212
new_3_516.mat,0.502225041389
new_3_517.mat,0.513262033463
new_3_518.mat,0.511662244797
new_3_519.mat,0.482887029648
new_3_520.mat,0.508289694786
new_3_521.mat,0.511149585247
new_3_522.mat,0.512976527214
new_3_523.mat,0.514976322651
new_3_524.mat,0.506819725037
new_3_525.mat,0.510181367397
new_3_526.mat,0.488858550787
new_3_527.mat,0.508649051189
new_3_528.mat,0.511303961277
new_3_529.mat,0.514019072056
new_3_530.mat,0.509583234787
new_3_531.mat,0.506546854973
new_3_532.mat,0.507120192051
new_3_533.mat,0.507945418358
new_3_534.mat,0.496039807796
new_3_535.mat,0.505068063736
new_3_536.mat,0.507098078728
new_3_537.mat,0.495511233807
new_3_538.mat,0.503563582897
new_3_539.mat,0.509657502174
new_3_540.mat,0.508487701416
new_3_541.mat,0.505859553814
new_3_542.mat,0.510497808456
new_3_543.mat,0.50743573904
new_3_544.mat,0.766929924488
new_3_545.mat,0.511764109135
new_3_546.mat,0.499826788902
new_3_547.mat,0.508848190308
new_3_548.mat,0.509742677212
new_3_549.mat,0.509172081947
new_3_550.mat,0.4950761199
new_3_551.mat,0.499279260635
new_3_552.mat,0.508057892323
new_3_553.mat,0.507687926292
new_3_554.mat,0.509483277798
new_3_555.mat,0.500582575798
new_3_556.mat,0.513601362705
new_3_557.mat,0.502443015575
new_3_558.mat,0.512983739376
new_3_559.mat,0.501931250095
new_3_560.mat,0.507191717625
new_3_561.mat,0.50757932663
new_3_562.mat,0.502752482891
new_3_563.mat,0.513395369053
new_3_564.mat,0.505457103252
new_3_565.mat,0.51481461525
new_3_566.mat,0.501542448997
new_3_567.mat,0.508182168007
new_3_568.mat,0.502499818802
new_3_569.mat,0.508912026882
new_3_570.mat,0.511935830116
new_3_571.mat,0.503415226936
new_3_572.mat,0.498269826174
new_3_573.mat,0.512591540813
new_3_574.mat,0.507380187511
new_3_575.mat,0.50991755724
new_3_576.mat,0.50323420763
new_3_577.mat,0.483288496733
new_3_578.mat,0.503655791283
new_3_579.mat,0.50668913126
new_3_580.mat,0.505809724331
new_3_581.mat,0.503289461136
new_3_582.mat,0.513528227806
new_3_583.mat,0.499493926764
new_3_584.mat,0.488090276718
new_3_585.mat,0.503260731697
new_3_586.mat,0.615360021591
new_3_587.mat,0.485669881105
new_3_588.mat,0.50710105896
new_3_589.mat,0.502083420753
new_3_590.mat,0.497050613165
new_3_591.mat,0.502146422863
new_3_592.mat,0.502070486546
new_3_593.mat,0.506752848625
new_3_594.mat,0.604629814625
new_3_595.mat,0.508094608784
new_3_596.mat,0.512966990471
new_3_597.mat,0.50215691328
new_3_598.mat,0.504024744034
new_3_599.mat,0.512153744698
new_3_600.mat,0.503821671009
new_3_601.mat,0.509401857853
new_3_602.mat,0.503937065601
new_3_603.mat,0.510553658009
new_3_604.mat,0.500228047371
new_3_605.mat,0.512475311756
new_3_606.mat,0.505585134029
new_3_607.mat,0.496526628733
new_3_608.mat,0.508376836777
new_3_609.mat,0.503111541271
new_3_610.mat,0.503182172775
new_3_611.mat,0.500929713249
new_3_612.mat,0.504554152489
new_3_613.mat,0.504450500011
new_3_614.mat,0.511359035969
new_3_615.mat,0.511474609375
new_3_616.mat,0.501632511616
new_3_617.mat,0.507627129555
new_3_618.mat,0.500990390778
new_3_619.mat,0.515209794044
new_3_620.mat,0.506242990494
new_3_621.mat,0.511613428593
new_3_622.mat,0.500041484833
new_3_623.mat,0.5077252388
new_3_624.mat,0.666893482208
new_3_625.mat,0.500883042812
new_3_626.mat,0.507858812809
new_3_627.mat,0.506548523903
new_3_628.mat,0.504620194435
new_3_629.mat,0.508074700832
new_3_630.mat,0.504625737667
new_3_631.mat,0.50570422411
new_3_632.mat,0.588444471359
new_3_633.mat,0.504209399223
new_3_634.mat,0.505026757717
new_3_635.mat,0.503701508045
new_3_636.mat,0.51492613554
new_3_637.mat,0.505764961243
new_3_638.mat,0.499434143305
new_3_639.mat,0.510848045349
new_3_640.mat,0.496569007635
new_3_641.mat,0.500569343567
new_3_642.mat,0.508346676826
new_3_643.mat,0.506338059902
new_3_644.mat,0.504171490669
new_3_645.mat,0.509389400482
new_3_646.mat,0.497269183397
new_3_647.mat,0.498137772083
new_3_648.mat,0.513823986053
new_3_649.mat,0.508325815201
new_3_650.mat,0.492286711931
new_3_651.mat,0.500634431839
new_3_652.mat,0.50598347187
new_3_653.mat,0.499058097601
new_3_654.mat,0.508787989616
new_3_655.mat,0.4976593256
new_3_656.mat,0.49838539958
new_3_657.mat,0.508910894394
new_3_658.mat,0.510990023613
new_3_659.mat,0.686576604843
new_3_660.mat,0.50998288393
new_3_661.mat,0.512264490128
new_3_662.mat,0.504341721535
new_3_663.mat,0.508005678654
new_3_664.mat,0.511985301971
new_3_665.mat,0.505188465118
new_3_666.mat,0.502384543419
new_3_667.mat,0.502785742283
new_3_668.mat,0.509053587914
new_3_669.mat,0.66190290451
new_3_670.mat,0.499973893166
new_3_671.mat,0.504964649677
new_3_672.mat,0.498229771852
new_3_673.mat,0.497609943151
new_3_674.mat,0.505807340145
new_3_675.mat,0.507612764835
new_3_676.mat,0.508252263069
new_3_677.mat,0.508804559708
new_3_678.mat,0.617421269417
new_3_679.mat,0.499907553196
new_3_680.mat,0.500974774361
new_3_681.mat,0.498191475868
new_3_682.mat,0.498322457075
new_3_683.mat,0.514685094357
new_3_684.mat,0.50894099474
new_3_685.mat,0.503493309021
new_3_686.mat,0.501237213612
new_3_687.mat,0.5026217103
new_3_688.mat,0.492552757263
new_3_689.mat,0.50582253933
new_3_690.mat,0.503111183643
